{
	"format_version": "1.21.11",
	"credit": "Made with Blockbench",
	"texture_size": [128, 128],
	"textures": {
		"0": "item/dj_controller_texture",
		"particle": "item/dj_controller_texture"
	},
	"elements": [
		{
			"from": [6, 16, 2],
			"to": [10, 17, 14],
			"rotation": {"angle": 0, "axis": "y", "origin": [12, 1, 0]},
			"faces": {
				"north": {"uv": [12.125, 4.5, 12.625, 4.625], "texture": "#0"},
				"east": {"uv": [11, 3.75, 12.5, 3.875], "texture": "#0"},
				"south": {"uv": [12.125, 4.625, 12.625, 4.75], "texture": "#0"},
				"west": {"uv": [11, 3.875, 12.5, 4], "texture": "#0"},
				"up": {"uv": [3.5, 11.5, 3, 10], "texture": "#0"},
				"down": {"uv": [7, 10.75, 6.5, 12.25], "texture": "#0"}
			}
		},
		{
			"from": [10, 15.5, 2],
			"to": [13, 16.5, 14],
			"rotation": {"angle": 0, "axis": "y", "origin": [15, 0.5, 0]},
			"faces": {
				"north": {"uv": [12.125, 6.25, 12.5, 6.375], "texture": "#0"},
				"east": {"uv": [11.5, 1.125, 13, 1.25], "texture": "#0"},
				"south": {"uv": [12.125, 6.375, 12.5, 6.5], "texture": "#0"},
				"west": {"uv": [11.5, 1.25, 13, 1.375], "texture": "#0"},
				"up": {"uv": [7.375, 12.25, 7, 10.75], "texture": "#0"},
				"down": {"uv": [3.875, 11.25, 3.5, 12.75], "texture": "#0"}
			}
		},
		{
			"from": [3, 15.5, 2],
			"to": [6, 16.5, 14],
			"rotation": {"angle": 0, "axis": "y", "origin": [8, 0.5, 0]},
			"faces": {
				"north": {"uv": [8.25, 12.125, 8.625, 12.25], "texture": "#0"},
				"east": {"uv": [11.5, 1.375, 13, 1.5], "texture": "#0"},
				"south": {"uv": [8.625, 12.125, 9, 12.25], "texture": "#0"},
				"west": {"uv": [11.5, 1.5, 13, 1.625], "texture": "#0"},
				"up": {"uv": [4.25, 12.75, 3.875, 11.25], "texture": "#0"},
				"down": {"uv": [4.625, 11.25, 4.25, 12.75], "texture": "#0"}
			}
		},
		{
			"name": "Base",
			"from": [-16, 0, 0],
			"to": [32, 16, 16],
			"rotation": {"angle": 0, "axis": "y", "origin": [7, 0, 0]},
			"faces": {
				"north": {"uv": [0, 0, 6, 2], "texture": "#0"},
				"east": {"uv": [6, 0, 8, 2], "texture": "#0"},
				"south": {"uv": [0, 2, 6, 4], "texture": "#0"},
				"west": {"uv": [6, 2, 8, 4], "texture": "#0"},
				"up": {"uv": [6, 6, 0, 4], "texture": "#0"},
				"down": {"uv": [6, 6, 0, 8], "texture": "#0"}
			}
		},
		{
			"from": [18, 2, -1],
			"to": [26, 14, 15],
			"rotation": {"angle": 0, "axis": "y", "origin": [7, 0, -1]},
			"faces": {
				"north": {"uv": [10, 7.75, 11, 9.25], "texture": "#0"},
				"east": {"uv": [6, 4, 8, 5.5], "texture": "#0"},
				"south": {"uv": [0, 10.5, 1, 12], "texture": "#0"},
				"west": {"uv": [6, 5.5, 8, 7], "texture": "#0"},
				"up": {"uv": [4.5, 11.25, 3.5, 9.25], "texture": "#0"},
				"down": {"uv": [5.5, 9.25, 4.5, 11.25], "texture": "#0"}
			}
		},
		{
			"from": [17, 3, -1],
			"to": [18, 13, 15],
			"rotation": {"angle": 0, "axis": "y", "origin": [6, 0, -1]},
			"faces": {
				"north": {"uv": [11.75, 9.625, 11.875, 10.875], "texture": "#0"},
				"east": {"uv": [8, 2, 10, 3.25], "texture": "#0"},
				"south": {"uv": [11.75, 10.875, 11.875, 12.125], "texture": "#0"},
				"west": {"uv": [8, 3.25, 10, 4.5], "texture": "#0"},
				"up": {"uv": [7.5, 12.75, 7.375, 10.75], "texture": "#0"},
				"down": {"uv": [3.125, 11.5, 3, 13.5], "texture": "#0"}
			}
		},
		{
			"from": [16, 4, -1],
			"to": [17, 12, 15],
			"rotation": {"angle": 0, "axis": "y", "origin": [5, 0, -1]},
			"faces": {
				"north": {"uv": [7.5, 8.5, 7.625, 9.5], "texture": "#0"},
				"east": {"uv": [0, 9.5, 2, 10.5], "texture": "#0"},
				"south": {"uv": [7.625, 8.5, 7.75, 9.5], "texture": "#0"},
				"west": {"uv": [9.5, 0, 11.5, 1], "texture": "#0"},
				"up": {"uv": [3.25, 13.5, 3.125, 11.5], "texture": "#0"},
				"down": {"uv": [3.375, 11.5, 3.25, 13.5], "texture": "#0"}
			}
		},
		{
			"from": [27, 4, -1],
			"to": [28, 12, 15],
			"rotation": {"angle": 0, "axis": "y", "origin": [16, 0, -1]},
			"faces": {
				"north": {"uv": [7.75, 8.5, 7.875, 9.5], "texture": "#0"},
				"east": {"uv": [9.5, 1, 11.5, 2], "texture": "#0"},
				"south": {"uv": [7.875, 8.5, 8, 9.5], "texture": "#0"},
				"west": {"uv": [7.5, 9.5, 9.5, 10.5], "texture": "#0"},
				"up": {"uv": [3.5, 13.5, 3.375, 11.5], "texture": "#0"},
				"down": {"uv": [11.625, 9.5, 11.5, 11.5], "texture": "#0"}
			}
		},
		{
			"from": [26, 3, -1],
			"to": [27, 13, 15],
			"rotation": {"angle": 0, "axis": "y", "origin": [15, 0, -1]},
			"faces": {
				"north": {"uv": [11.875, 9.625, 12, 10.875], "texture": "#0"},
				"east": {"uv": [3.5, 8, 5.5, 9.25], "texture": "#0"},
				"south": {"uv": [11.875, 10.875, 12, 12.125], "texture": "#0"},
				"west": {"uv": [8, 4.5, 10, 5.75], "texture": "#0"},
				"up": {"uv": [11.625, 13.5, 11.5, 11.5], "texture": "#0"},
				"down": {"uv": [4.75, 11.625, 4.625, 13.625], "texture": "#0"}
			}
		},
		{
			"from": [-12, 4, -1],
			"to": [-11, 12, 15],
			"rotation": {"angle": 0, "axis": "y", "origin": [-23, 0, -1]},
			"faces": {
				"north": {"uv": [12, 9.875, 12.125, 10.875], "texture": "#0"},
				"east": {"uv": [9.5, 9.5, 11.5, 10.5], "texture": "#0"},
				"south": {"uv": [10.5, 12, 10.625, 13], "texture": "#0"},
				"west": {"uv": [5.5, 9.75, 7.5, 10.75], "texture": "#0"},
				"up": {"uv": [4.875, 13.625, 4.75, 11.625], "texture": "#0"},
				"down": {"uv": [5, 11.625, 4.875, 13.625], "texture": "#0"}
			}
		},
		{
			"from": [-10, 2, -1],
			"to": [-2, 14, 15],
			"rotation": {"angle": 0, "axis": "y", "origin": [-21, 0, -1]},
			"faces": {
				"north": {"uv": [1, 10.5, 2, 12], "texture": "#0"},
				"east": {"uv": [6, 7, 8, 8.5], "texture": "#0"},
				"south": {"uv": [7.5, 10.5, 8.5, 12], "texture": "#0"},
				"west": {"uv": [0, 8, 2, 9.5], "texture": "#0"},
				"up": {"uv": [3, 12, 2, 10], "texture": "#0"},
				"down": {"uv": [11, 2, 10, 4], "texture": "#0"}
			}
		},
		{
			"from": [-11, 3, -1],
			"to": [-10, 13, 15],
			"rotation": {"angle": 0, "axis": "y", "origin": [-22, 0, -1]},
			"faces": {
				"north": {"uv": [0, 12, 0.125, 13.25], "texture": "#0"},
				"east": {"uv": [8, 5.75, 10, 7], "texture": "#0"},
				"south": {"uv": [0.125, 12, 0.25, 13.25], "texture": "#0"},
				"west": {"uv": [8, 7, 10, 8.25], "texture": "#0"},
				"up": {"uv": [5.125, 13.625, 5, 11.625], "texture": "#0"},
				"down": {"uv": [5.25, 11.625, 5.125, 13.625], "texture": "#0"}
			}
		},
		{
			"from": [-2, 3, -1],
			"to": [-1, 13, 15],
			"rotation": {"angle": 0, "axis": "y", "origin": [-13, 0, -1]},
			"faces": {
				"north": {"uv": [0.25, 12, 0.375, 13.25], "texture": "#0"},
				"east": {"uv": [8, 8.25, 10, 9.5], "texture": "#0"},
				"south": {"uv": [0.375, 12, 0.5, 13.25], "texture": "#0"},
				"west": {"uv": [5.5, 8.5, 7.5, 9.75], "texture": "#0"},
				"up": {"uv": [5.375, 13.625, 5.25, 11.625], "texture": "#0"},
				"down": {"uv": [5.5, 11.625, 5.375, 13.625], "texture": "#0"}
			}
		},
		{
			"from": [-1, 4, -1],
			"to": [0, 12, 15],
			"rotation": {"angle": 0, "axis": "y", "origin": [-12, 0, -1]},
			"faces": {
				"north": {"uv": [10.625, 12, 10.75, 13], "texture": "#0"},
				"east": {"uv": [10, 4, 12, 5], "texture": "#0"},
				"south": {"uv": [10.75, 12, 10.875, 13], "texture": "#0"},
				"west": {"uv": [10, 5, 12, 6], "texture": "#0"},
				"up": {"uv": [11.75, 11.5, 11.625, 9.5], "texture": "#0"},
				"down": {"uv": [11.75, 11.5, 11.625, 13.5], "texture": "#0"}
			}
		},
		{
			"from": [2, 3, -1],
			"to": [14, 10, 15],
			"rotation": {"angle": 0, "axis": "y", "origin": [-7, 0, -1]},
			"faces": {
				"north": {"uv": [11, 2, 12.5, 2.875], "texture": "#0"},
				"east": {"uv": [10, 6, 12, 6.875], "texture": "#0"},
				"south": {"uv": [11, 2.875, 12.5, 3.75], "texture": "#0"},
				"west": {"uv": [10, 6.875, 12, 7.75], "texture": "#0"},
				"up": {"uv": [9.5, 2, 8, 0], "texture": "#0"},
				"down": {"uv": [3.5, 8, 2, 10], "texture": "#0"}
			}
		},
		{
			"from": [3, 9, -0.5],
			"to": [13, 12, 6.5],
			"rotation": {"angle": 0, "axis": "y", "origin": [-7, 6, -0.5]},
			"faces": {
				"north": {"uv": [11.5, 0, 12.75, 0.375], "texture": "#0"},
				"east": {"uv": [4.625, 11.25, 5.5, 11.625], "texture": "#0"},
				"south": {"uv": [11.5, 0.375, 12.75, 0.75], "texture": "#0"},
				"west": {"uv": [11.5, 0.75, 12.375, 1.125], "texture": "#0"},
				"up": {"uv": [12.25, 8.625, 11, 7.75], "texture": "#0"},
				"down": {"uv": [12.25, 8.625, 11, 9.5], "texture": "#0"}
			}
		},
		{
			"from": [-1, 16, 3],
			"to": [1, 17, 7],
			"rotation": {"angle": 0, "axis": "y", "origin": [-23, 1, 0]},
			"faces": {
				"north": {"uv": [9, 12.125, 9.25, 12.25], "texture": "#0"},
				"east": {"uv": [12.125, 4.75, 12.625, 4.875], "texture": "#0"},
				"south": {"uv": [9.25, 12.125, 9.5, 12.25], "texture": "#0"},
				"west": {"uv": [12.125, 4.875, 12.625, 5], "texture": "#0"},
				"up": {"uv": [5.75, 8.5, 5.5, 8], "texture": "#0"},
				"down": {"uv": [6, 8, 5.75, 8.5], "texture": "#0"}
			}
		},
		{
			"from": [-1.5, 17, 3.5],
			"to": [0.5, 18, 5.5],
			"rotation": {"angle": 0, "axis": "y", "origin": [-23.5, 2, 0.5]},
			"faces": {
				"north": {"uv": [9.5, 12.125, 9.75, 12.25], "texture": "#0"},
				"east": {"uv": [9.75, 12.125, 10, 12.25], "texture": "#0"},
				"south": {"uv": [12.125, 9.875, 12.375, 10], "texture": "#0"},
				"west": {"uv": [10, 12.125, 10.25, 12.25], "texture": "#0"},
				"up": {"uv": [12.375, 5.25, 12.125, 5], "texture": "#0"},
				"down": {"uv": [12.375, 5.25, 12.125, 5.5], "texture": "#0"}
			}
		},
		{
			"from": [15.5, 17, 3.5],
			"to": [17.5, 18, 5.5],
			"rotation": {"angle": 0, "axis": "y", "origin": [-6.5, 2, 0.5]},
			"faces": {
				"north": {"uv": [12.125, 10, 12.375, 10.125], "texture": "#0"},
				"east": {"uv": [12.125, 10.125, 12.375, 10.25], "texture": "#0"},
				"south": {"uv": [10.25, 12.125, 10.5, 12.25], "texture": "#0"},
				"west": {"uv": [12.125, 10.25, 12.375, 10.375], "texture": "#0"},
				"up": {"uv": [12.375, 5.75, 12.125, 5.5], "texture": "#0"},
				"down": {"uv": [12.375, 5.75, 12.125, 6], "texture": "#0"}
			}
		},
		{
			"from": [-10.5, 17, 3.5],
			"to": [-1.5, 18, 4.5],
			"rotation": {"angle": 0, "axis": "y", "origin": [-25.5, 2, 0.5]},
			"faces": {
				"north": {"uv": [12, 7.25, 13.125, 7.375], "texture": "#0"},
				"east": {"uv": [12.125, 10.625, 12.25, 10.75], "texture": "#0"},
				"south": {"uv": [12, 7.375, 13.125, 7.5], "texture": "#0"},
				"west": {"uv": [12.125, 10.75, 12.25, 10.875], "texture": "#0"},
				"up": {"uv": [13.125, 7.625, 12, 7.5], "texture": "#0"},
				"down": {"uv": [13.125, 7.625, 12, 7.75], "texture": "#0"}
			}
		},
		{
			"from": [17.5, 17, 3.5],
			"to": [26.5, 18, 4.5],
			"rotation": {"angle": 0, "axis": "y", "origin": [2.5, 2, 0.5]},
			"faces": {
				"north": {"uv": [8.25, 12, 9.375, 12.125], "texture": "#0"},
				"east": {"uv": [11.75, 12.125, 11.875, 12.25], "texture": "#0"},
				"south": {"uv": [9.375, 12, 10.5, 12.125], "texture": "#0"},
				"west": {"uv": [11.875, 12.125, 12, 12.25], "texture": "#0"},
				"up": {"uv": [13.125, 9.75, 12, 9.625], "texture": "#0"},
				"down": {"uv": [13.125, 9.75, 12, 9.875], "texture": "#0"}
			}
		},
		{
			"from": [26.5, 17, 3.5],
			"to": [26.5, 18, 4.5],
			"rotation": {"angle": 0, "axis": "y", "origin": [2.5, 2, 0.5]},
			"faces": {
				"north": {"uv": [8.25, 12, 9.375, 12.125], "texture": "#0"},
				"east": {"uv": [11.75, 12.125, 11.875, 12.25], "texture": "#0"},
				"south": {"uv": [9.375, 12, 10.5, 12.125], "texture": "#0"},
				"west": {"uv": [11.875, 12.125, 12, 12.25], "texture": "#0"},
				"up": {"uv": [13.125, 9.75, 12, 9.625], "texture": "#0"},
				"down": {"uv": [13.125, 9.75, 12, 9.875], "texture": "#0"}
			}
		},
		{
			"from": [-10.5, 17, 3.5],
			"to": [-10.5, 18, 4.5],
			"rotation": {"angle": 0, "axis": "y", "origin": [-34.5, 2, 0.5]},
			"faces": {
				"north": {"uv": [8.25, 12, 9.375, 12.125], "texture": "#0"},
				"east": {"uv": [11.75, 12.125, 11.875, 12.25], "texture": "#0"},
				"south": {"uv": [9.375, 12, 10.5, 12.125], "texture": "#0"},
				"west": {"uv": [11.875, 12.125, 12, 12.25], "texture": "#0"},
				"up": {"uv": [13.125, 9.75, 12, 9.625], "texture": "#0"},
				"down": {"uv": [13.125, 9.75, 12, 9.875], "texture": "#0"}
			}
		},
		{
			"from": [15, 16, 3],
			"to": [17, 17, 7],
			"rotation": {"angle": 0, "axis": "y", "origin": [-7, 1, 0]},
			"faces": {
				"north": {"uv": [12.125, 10.375, 12.375, 10.5], "texture": "#0"},
				"east": {"uv": [12.125, 6, 12.625, 6.125], "texture": "#0"},
				"south": {"uv": [12.125, 10.5, 12.375, 10.625], "texture": "#0"},
				"west": {"uv": [12.125, 6.125, 12.625, 6.25], "texture": "#0"},
				"up": {"uv": [11.125, 12.5, 10.875, 12], "texture": "#0"},
				"down": {"uv": [12.25, 10.875, 12, 11.375], "texture": "#0"}
			}
		}
	],
	"groups": [
		{
			"name": "DJ Controller",
			"origin": [8, 8, 8],
			"color": 0,
			"children": [0, 1, 2, 3, 4, 5, 6, 7, 8, 9, 10, 11, 12, 13, 14, 15, 16, 17, 18, 19, 20, 21, 22, 23]
		}
	]
}