{
	"format_version": "1.21.11",
	"credit": "Made with Blockbench",
	"parent": "MusicDisk",
	"texture_size": [32, 32],
	"textures": {
		"0": "item/disc_texture",
		"particle": "item/disc_texture"
	},
	"elements": [
		{
			"from": [4, 0, 2],
			"to": [12, 1, 14],
			"rotation": {"angle": 0, "axis": "y", "origin": [4, 0, 2]},
			"faces": {
				"north": {"uv": [2, 7.5, 6, 8], "texture": "#0"},
				"east": {"uv": [0, 6, 6, 6.5], "texture": "#0"},
				"south": {"uv": [6, 7.5, 10, 8], "texture": "#0"},
				"west": {"uv": [6, 6, 12, 6.5], "texture": "#0"},
				"up": {"uv": [4, 6, 0, 0], "texture": "#0"},
				"down": {"uv": [8, 0, 4, 6], "texture": "#0"}
			}
		},
		{
			"from": [3, 0, 3],
			"to": [4, 1, 13],
			"rotation": {"angle": 0, "axis": "y", "origin": [3, 0, 2]},
			"faces": {
				"north": {"uv": [8, 5.5, 8.5, 6], "texture": "#0"},
				"east": {"uv": [0, 6.5, 5, 7], "texture": "#0"},
				"south": {"uv": [7.5, 8, 8, 8.5], "texture": "#0"},
				"west": {"uv": [5, 6.5, 10, 7], "texture": "#0"},
				"up": {"uv": [0.5, 12, 0, 7], "texture": "#0"},
				"down": {"uv": [1, 7, 0.5, 12], "texture": "#0"}
			}
		},
		{
			"from": [12, 0, 3],
			"to": [13, 1, 13],
			"rotation": {"angle": 0, "axis": "y", "origin": [12, 0, 2]},
			"faces": {
				"north": {"uv": [8, 8, 8.5, 8.5], "texture": "#0"},
				"east": {"uv": [1, 7, 6, 7.5], "texture": "#0"},
				"south": {"uv": [8.5, 1, 9, 1.5], "texture": "#0"},
				"west": {"uv": [6, 7, 11, 7.5], "texture": "#0"},
				"up": {"uv": [1.5, 12.5, 1, 7.5], "texture": "#0"},
				"down": {"uv": [2, 7.5, 1.5, 12.5], "texture": "#0"}
			}
		},
		{
			"from": [2, 0, 4],
			"to": [3, 1, 12],
			"rotation": {"angle": 0, "axis": "y", "origin": [2, 0, 2]},
			"faces": {
				"north": {"uv": [8.5, 1.5, 9, 2], "texture": "#0"},
				"east": {"uv": [8, 0, 12, 0.5], "texture": "#0"},
				"south": {"uv": [8.5, 2, 9, 2.5], "texture": "#0"},
				"west": {"uv": [8, 0.5, 12, 1], "texture": "#0"},
				"up": {"uv": [8.5, 5, 8, 1], "texture": "#0"},
				"down": {"uv": [2.5, 8, 2, 12], "texture": "#0"}
			}
		},
		{
			"from": [13, 0, 4],
			"to": [14, 1, 12],
			"rotation": {"angle": 0, "axis": "y", "origin": [13, 0, 2]},
			"faces": {
				"north": {"uv": [2.5, 8.5, 3, 9], "texture": "#0"},
				"east": {"uv": [2.5, 8, 6.5, 8.5], "texture": "#0"},
				"south": {"uv": [8.5, 2.5, 9, 3], "texture": "#0"},
				"west": {"uv": [8, 5, 12, 5.5], "texture": "#0"},
				"up": {"uv": [7, 12, 6.5, 8], "texture": "#0"},
				"down": {"uv": [7.5, 8, 7, 12], "texture": "#0"}
			}
		}
	],
	"groups": [
		{
			"name": "MusicDisk",
			"origin": [8, 8, 8],
			"color": 0,
			"children": [0, 1, 2, 3, 4]
		}
	]
}